{
  "budget": 600,
  "n_train": 1024,
  "seeds": [
    0,
    1,
    2
  ],
  "num_shards": 6,
  "results": {
    "GD lr=0.001": {
      "mean_final_loss": 2.240670601526896,
      "std_final_loss": 0.010603034972933922,
      "losses": [
        2.243234872817993,
        2.229020595550537,
        2.249756336212158
      ],
      "mean_test_acc": 0.17179999999999998,
      "accs": [
        0.2059,
        0.203,
        0.1065
      ],
      "evals": 600
    },
    "RK3(2)-Adam lr=0.001 rtol=0.01 hmax=2.0x": {
      "mean_final_loss": 0.0009291465394198895,
      "std_final_loss": 0.00014634570065250198,
      "losses": [
        0.0009447199408896267,
        0.0007756369304843247,
        0.001067082746885717
      ],
      "mean_test_acc": 0.4284666666666667,
      "accs": [
        0.4295,
        0.4197,
        0.4362
      ],
      "evals": 598,
      "ctrl": {
        "final_h": 0.002,
        "mean_h": 0.002,
        "min_h": 0.002,
        "max_h": 0.002,
        "h_max": 0.002,
        "h_min": 0.0001,
        "frac_at_hmax": 1.0,
        "frac_at_hmin": 0.0,
        "steps": 199
      }
    },
    "GD lr=0.003": {
      "mean_final_loss": 2.004214644432068,
      "std_final_loss": 0.03003896936541102,
      "losses": [
        2.016545534133911,
        1.9699724912643433,
        2.026125907897949
      ],
      "mean_test_acc": 0.28473333333333334,
      "accs": [
        0.2741,
        0.2905,
        0.2896
      ],
      "evals": 600
    },
    "RK3(2)-Adam lr=0.003 rtol=0.01 hmax=2.0x": {
      "mean_final_loss": 0.00012690025081004327,
      "std_final_loss": 2.8266857258594745e-05,
      "losses": [
        0.00013778047286905348,
        0.00014811029541306198,
        9.480998414801434e-05
      ],
      "mean_test_acc": 0.4274,
      "accs": [
        0.4165,
        0.4171,
        0.4486
      ],
      "evals": 598,
      "ctrl": {
        "final_h": 0.006,
        "mean_h": 0.006,
        "min_h": 0.006,
        "max_h": 0.006,
        "h_max": 0.006,
        "h_min": 0.00030000000000000003,
        "frac_at_hmax": 1.0,
        "frac_at_hmin": 0.0,
        "steps": 199
      }
    },
    "FixedRK3Adam h0=0.001 rtol=0.01": {
      "mean_final_loss": 2.280158360799154,
      "std_final_loss": 0.03620531825512683,
      "losses": [
        2.3010613918304443,
        2.238352060317993,
        2.3010616302490234
      ],
      "mean_test_acc": 0.1023,
      "accs": [
        0.1,
        0.1069,
        0.1
      ],
      "evals": 596,
      "ctrl": {
        "rejects": 7,
        "final_h": 0.1
      }
    },
    "SGD+mom0.9 lr=0.001": {
      "mean_final_loss": 1.3490073283513386,
      "std_final_loss": 0.0650743320876875,
      "losses": [
        1.3577759265899658,
        1.2799932956695557,
        1.4092527627944946
      ],
      "mean_test_acc": 0.3828666666666667,
      "accs": [
        0.3842,
        0.3762,
        0.3882
      ],
      "evals": 600
    },
    "RK3(2)-Adam lr=0.001 rtol=0.01 hmax=8.0x": {
      "mean_final_loss": 0.0001644110246464455,
      "std_final_loss": 0.00011687740740478741,
      "losses": [
        0.000226731994189322,
        2.958086770377122e-05,
        0.00023692021204624325
      ],
      "mean_test_acc": 0.37786666666666663,
      "accs": [
        0.351,
        0.4167,
        0.3659
      ],
      "evals": 598,
      "ctrl": {
        "final_h": 0.008,
        "mean_h": 0.007949748743718593,
        "min_h": 0.002,
        "max_h": 0.008,
        "h_max": 0.008,
        "h_min": 0.0001,
        "frac_at_hmax": 0.9899497487437185,
        "frac_at_hmin": 0.0,
        "steps": 199
      }
    },
    "SGD+mom0.9 lr=0.003": {
      "mean_final_loss": 0.04910509909192721,
      "std_final_loss": 0.016237339146967126,
      "losses": [
        0.05030013248324394,
        0.032303258776664734,
        0.06471190601587296
      ],
      "mean_test_acc": 0.39139999999999997,
      "accs": [
        0.4027,
        0.3717,
        0.3998
      ],
      "evals": 600
    },
    "RK3(2)-Adam lr=0.003 rtol=0.01 hmax=8.0x": {
      "mean_final_loss": 0.7757393610663712,
      "std_final_loss": 1.321002261998672,
      "losses": [
        2.3010616302490234,
        0.0035410593263804913,
        0.02261539362370968
      ],
      "mean_test_acc": 0.1868,
      "accs": [
        0.1,
        0.2593,
        0.2011
      ],
      "evals": 598,
      "ctrl": {
        "final_h": 0.024,
        "mean_h": 0.02384924623115578,
        "min_h": 0.006,
        "max_h": 0.024,
        "h_max": 0.024,
        "h_min": 0.00030000000000000003,
        "frac_at_hmax": 0.9899497487437185,
        "frac_at_hmin": 0.0,
        "steps": 199
      }
    },
    "FixedRK3Adam h0=0.001 rtol=0.1": {
      "mean_final_loss": 2.1155912478764853,
      "std_final_loss": 0.29279346279242324,
      "losses": [
        2.2676594257354736,
        1.7780529260635376,
        2.3010613918304443
      ],
      "mean_test_acc": 0.11046666666666667,
      "accs": [
        0.1,
        0.1314,
        0.1
      ],
      "evals": 596,
      "ctrl": {
        "rejects": 4,
        "final_h": 0.1
      }
    },
    "Adam lr=0.001": {
      "mean_final_loss": 0.0004986201626403878,
      "std_final_loss": 0.00012344769054497458,
      "losses": [
        0.0005148657946847379,
        0.0003678539942484349,
        0.0006131406989879906
      ],
      "mean_test_acc": 0.42230000000000006,
      "accs": [
        0.4259,
        0.4096,
        0.4314
      ],
      "evals": 600
    },
    "RK3(2)-Adam lr=0.001 rtol=0.1 hmax=2.0x": {
      "mean_final_loss": 0.0009291465394198895,
      "std_final_loss": 0.00014634570065250198,
      "losses": [
        0.0009447199408896267,
        0.0007756369304843247,
        0.001067082746885717
      ],
      "mean_test_acc": 0.4284666666666667,
      "accs": [
        0.4295,
        0.4197,
        0.4362
      ],
      "evals": 598,
      "ctrl": {
        "final_h": 0.002,
        "mean_h": 0.002,
        "min_h": 0.002,
        "max_h": 0.002,
        "h_max": 0.002,
        "h_min": 0.0001,
        "frac_at_hmax": 1.0,
        "frac_at_hmin": 0.0,
        "steps": 199
      }
    },
    "Adam lr=0.003": {
      "mean_final_loss": 7.990802987478673e-05,
      "std_final_loss": 9.786220498572843e-06,
      "losses": [
        8.414236071985215e-05,
        8.686406363267452e-05,
        6.871766527183354e-05
      ],
      "mean_test_acc": 0.43389999999999995,
      "accs": [
        0.4331,
        0.4196,
        0.449
      ],
      "evals": 600
    },
    "RK3(2)-Adam lr=0.003 rtol=0.1 hmax=2.0x": {
      "mean_final_loss": 0.00012690025081004327,
      "std_final_loss": 2.8266857258594745e-05,
      "losses": [
        0.00013778047286905348,
        0.00014811029541306198,
        9.480998414801434e-05
      ],
      "mean_test_acc": 0.4274,
      "accs": [
        0.4165,
        0.4171,
        0.4486
      ],
      "evals": 598,
      "ctrl": {
        "final_h": 0.006,
        "mean_h": 0.006,
        "min_h": 0.006,
        "max_h": 0.006,
        "h_max": 0.006,
        "h_min": 0.00030000000000000003,
        "frac_at_hmax": 1.0,
        "frac_at_hmin": 0.0,
        "steps": 199
      }
    },
    "FixedRK3Adam h0=0.003 rtol=0.01": {
      "mean_final_loss": 2.301062027613322,
      "std_final_loss": 9.02638172435804e-07,
      "losses": [
        2.301063060760498,
        2.3010616302490234,
        2.3010613918304443
      ],
      "mean_test_acc": 0.10000000000000002,
      "accs": [
        0.1,
        0.1,
        0.1
      ],
      "evals": 597,
      "ctrl": {
        "rejects": 6,
        "final_h": 0.3
      }
    },
    "AdamW(wd=1e-2) lr=0.001": {
      "mean_final_loss": 0.0006893641936282316,
      "std_final_loss": 0.0001500932528845161,
      "losses": [
        0.0005361300427466631,
        0.0008361058426089585,
        0.0006958566955290735
      ],
      "mean_test_acc": 0.42313333333333336,