{
  "budget": 600,
  "n_train": 1024,
  "seeds": [
    0,
    1,
    2
  ],
  "shard": 1,
  "num_shards": 6,
  "results": {
    "SGD+mom0.9 lr=0.001": {
      "mean_final_loss": 1.3490073283513386,
      "std_final_loss": 0.0650743320876875,
      "losses": [
        1.3577759265899658,
        1.2799932956695557,
        1.4092527627944946
      ],
      "mean_test_acc": 0.3828666666666667,
      "accs": [
        0.3842,
        0.3762,
        0.3882
      ],
      "evals": 600
    },
    "RK3(2)-Adam lr=0.001 rtol=0.01 hmax=8.0x": {
      "mean_final_loss": 0.0001644110246464455,
      "std_final_loss": 0.00011687740740478741,
      "losses": [
        0.000226731994189322,
        2.958086770377122e-05,
        0.00023692021204624325
      ],
      "mean_test_acc": 0.37786666666666663,
      "accs": [
        0.351,
        0.4167,
        0.3659
      ],
      "evals": 598,
      "ctrl": {
        "final_h": 0.008,
        "mean_h": 0.007949748743718593,
        "min_h": 0.002,
        "max_h": 0.008,
        "h_max": 0.008,
        "h_min": 0.0001,
        "frac_at_hmax": 0.9899497487437185,
        "frac_at_hmin": 0.0,
        "steps": 199
      }
    },
    "SGD+mom0.9 lr=0.003": {
      "mean_final_loss": 0.04910509909192721,
      "std_final_loss": 0.016237339146967126,
      "losses": [
        0.05030013248324394,
        0.032303258776664734,
        0.06471190601587296
      ],
      "mean_test_acc": 0.39139999999999997,
      "accs": [
        0.4027,
        0.3717,
        0.3998
      ],
      "evals": 600
    },
    "RK3(2)-Adam lr=0.003 rtol=0.01 hmax=8.0x": {
      "mean_final_loss": 0.7757393610663712,
      "std_final_loss": 1.321002261998672,
      "losses": [
        2.3010616302490234,
        0.0035410593263804913,
        0.02261539362370968
      ],
      "mean_test_acc": 0.1868,
      "accs": [
        0.1,
        0.2593,
        0.2011
      ],
      "evals": 598,
      "ctrl": {
        "final_h": 0.024,
        "mean_h": 0.02384924623115578,
        "min_h": 0.006,
        "max_h": 0.024,
        "h_max": 0.024,
        "h_min": 0.00030000000000000003,
        "frac_at_hmax": 0.9899497487437185,
        "frac_at_hmin": 0.0,
        "steps": 199
      }
    },
    "FixedRK3Adam h0=0.001 rtol=0.1": {
      "mean_final_loss": 2.1155912478764853,
      "std_final_loss": 0.29279346279242324,
      "losses": [
        2.2676594257354736,
        1.7780529260635376,
        2.3010613918304443
      ],
      "mean_test_acc": 0.11046666666666667,
      "accs": [
        0.1,
        0.1314,
        0.1
      ],
      "evals": 596,
      "ctrl": {
        "rejects": 4,
        "final_h": 0.1
      }
    }
  }
}