{
  "budget": 600,
  "n_train": 1024,
  "seeds": [
    0,
    1,
    2
  ],
  "shard": 3,
  "num_shards": 6,
  "results": {
    "AdamW(wd=1e-2) lr=0.001": {
      "mean_final_loss": 0.0006893641936282316,
      "std_final_loss": 0.0001500932528845161,
      "losses": [
        0.0005361300427466631,
        0.0008361058426089585,
        0.0006958566955290735
      ],
      "mean_test_acc": 0.42313333333333336,
      "accs": [
        0.4253,
        0.4146,
        0.4295
      ],
      "evals": 600
    },
    "RK3(2)-Adam lr=0.001 rtol=0.1 hmax=8.0x": {
      "mean_final_loss": 0.0001644110246464455,
      "std_final_loss": 0.00011687740740478741,
      "losses": [
        0.000226731994189322,
        2.958086770377122e-05,
        0.00023692021204624325
      ],
      "mean_test_acc": 0.37786666666666663,
      "accs": [
        0.351,
        0.4167,
        0.3659
      ],
      "evals": 598,
      "ctrl": {
        "final_h": 0.008,
        "mean_h": 0.007949748743718593,
        "min_h": 0.002,
        "max_h": 0.008,
        "h_max": 0.008,
        "h_min": 0.0001,
        "frac_at_hmax": 0.9899497487437185,
        "frac_at_hmin": 0.0,
        "steps": 199
      }
    },
    "AdamW(wd=1e-2) lr=0.003": {
      "mean_final_loss": 9.764207546443988e-05,
      "std_final_loss": 7.817322761002102e-06,
      "losses": [
        0.00010428993118694052,
        9.960634633898735e-05,
        8.90299488673918e-05
      ],
      "mean_test_acc": 0.43323333333333336,
      "accs": [
        0.4319,
        0.4198,
        0.448
      ],
      "evals": 600
    },
    "RK3(2)-Adam lr=0.003 rtol=0.1 hmax=8.0x": {
      "mean_final_loss": 0.7757393610663712,
      "std_final_loss": 1.321002261998672,
      "losses": [
        2.3010616302490234,
        0.0035410593263804913,
        0.02261539362370968
      ],
      "mean_test_acc": 0.1868,
      "accs": [
        0.1,
        0.2593,
        0.2011
      ],
      "evals": 598,
      "ctrl": {
        "final_h": 0.024,
        "mean_h": 0.02384924623115578,
        "min_h": 0.006,
        "max_h": 0.024,
        "h_max": 0.024,
        "h_min": 0.00030000000000000003,
        "frac_at_hmax": 0.9899497487437185,
        "frac_at_hmin": 0.0,
        "steps": 199
      }
    },
    "FixedRK3Adam h0=0.003 rtol=0.1": {
      "mean_final_loss": 2.301071802775065,
      "std_final_loss": 1.803228503795647e-05,
      "losses": [
        2.3010613918304443,
        2.3010613918304443,
        2.3010926246643066
      ],
      "mean_test_acc": 0.10000000000000002,
      "accs": [
        0.1,
        0.1,
        0.1
      ],
      "evals": 598,
      "ctrl": {
        "rejects": 8,
        "final_h": 0.3
      }
    }
  }
}