{
  "budget": 600,
  "n_train": 1024,
  "seeds": [
    0,
    1,
    2
  ],
  "shard": 5,
  "num_shards": 6,
  "results": {
    "NAdam lr=0.001": {
      "mean_final_loss": 0.0011763883133729298,
      "std_final_loss": 0.00011373722277516179,
      "losses": [
        0.0011149367783218622,
        0.0011065957369282842,
        0.0013076324248686433
      ],
      "mean_test_acc": 0.4376666666666667,
      "accs": [
        0.4423,
        0.4307,
        0.44
      ],
      "evals": 600
    },
    "RK3(2)-Adam lr=0.001 rtol=1.0 hmax=8.0x": {
      "mean_final_loss": 0.0001644110246464455,
      "std_final_loss": 0.00011687740740478741,
      "losses": [
        0.000226731994189322,
        2.958086770377122e-05,
        0.00023692021204624325
      ],
      "mean_test_acc": 0.37786666666666663,
      "accs": [
        0.351,
        0.4167,
        0.3659
      ],
      "evals": 598,
      "ctrl": {
        "final_h": 0.008,
        "mean_h": 0.007949748743718593,
        "min_h": 0.002,
        "max_h": 0.008,
        "h_max": 0.008,
        "h_min": 0.0001,
        "frac_at_hmax": 0.9899497487437185,
        "frac_at_hmin": 0.0,
        "steps": 199
      }
    },
    "NAdam lr=0.003": {
      "mean_final_loss": 0.0001613253504425908,
      "std_final_loss": 1.0401676023683097e-05,
      "losses": [
        0.00016961785149760544,
        0.00014965442824177444,
        0.00016470377158839256
      ],
      "mean_test_acc": 0.44870000000000004,
      "accs": [
        0.4494,
        0.4389,
        0.4578
      ],
      "evals": 600
    },
    "RK3(2)-Adam lr=0.003 rtol=1.0 hmax=8.0x": {
      "mean_final_loss": 0.7757393610663712,
      "std_final_loss": 1.321002261998672,
      "losses": [
        2.3010616302490234,
        0.0035410593263804913,
        0.02261539362370968
      ],
      "mean_test_acc": 0.1868,
      "accs": [
        0.1,
        0.2593,
        0.2011
      ],
      "evals": 598,
      "ctrl": {
        "final_h": 0.024,
        "mean_h": 0.02384924623115578,
        "min_h": 0.006,
        "max_h": 0.024,
        "h_max": 0.024,
        "h_min": 0.00030000000000000003,
        "frac_at_hmax": 0.9899497487437185,
        "frac_at_hmin": 0.0,
        "steps": 199
      }
    }
  }
}