{
  "budget": 600,
  "n_train": 1024,
  "seeds": [
    0,
    1,
    2
  ],
  "shard": 2,
  "num_shards": 6,
  "results": {
    "Adam lr=0.001": {
      "mean_final_loss": 0.0004986201626403878,
      "std_final_loss": 0.00012344769054497458,
      "losses": [
        0.0005148657946847379,
        0.0003678539942484349,
        0.0006131406989879906
      ],
      "mean_test_acc": 0.42230000000000006,
      "accs": [
        0.4259,
        0.4096,
        0.4314
      ],
      "evals": 600
    },
    "RK3(2)-Adam lr=0.001 rtol=0.1 hmax=2.0x": {
      "mean_final_loss": 0.0009291465394198895,
      "std_final_loss": 0.00014634570065250198,
      "losses": [
        0.0009447199408896267,
        0.0007756369304843247,
        0.001067082746885717
      ],
      "mean_test_acc": 0.4284666666666667,
      "accs": [
        0.4295,
        0.4197,
        0.4362
      ],
      "evals": 598,
      "ctrl": {
        "final_h": 0.002,
        "mean_h": 0.002,
        "min_h": 0.002,
        "max_h": 0.002,
        "h_max": 0.002,
        "h_min": 0.0001,
        "frac_at_hmax": 1.0,
        "frac_at_hmin": 0.0,
        "steps": 199
      }
    },
    "Adam lr=0.003": {
      "mean_final_loss": 7.990802987478673e-05,
      "std_final_loss": 9.786220498572843e-06,
      "losses": [
        8.414236071985215e-05,
        8.686406363267452e-05,
        6.871766527183354e-05
      ],
      "mean_test_acc": 0.43389999999999995,
      "accs": [
        0.4331,
        0.4196,
        0.449
      ],
      "evals": 600
    },
    "RK3(2)-Adam lr=0.003 rtol=0.1 hmax=2.0x": {
      "mean_final_loss": 0.00012690025081004327,
      "std_final_loss": 2.8266857258594745e-05,
      "losses": [
        0.00013778047286905348,
        0.00014811029541306198,
        9.480998414801434e-05
      ],
      "mean_test_acc": 0.4274,
      "accs": [
        0.4165,
        0.4171,
        0.4486
      ],
      "evals": 598,
      "ctrl": {
        "final_h": 0.006,
        "mean_h": 0.006,
        "min_h": 0.006,
        "max_h": 0.006,
        "h_max": 0.006,
        "h_min": 0.00030000000000000003,
        "frac_at_hmax": 1.0,
        "frac_at_hmin": 0.0,
        "steps": 199
      }
    },
    "FixedRK3Adam h0=0.003 rtol=0.01": {
      "mean_final_loss": 2.301062027613322,
      "std_final_loss": 9.02638172435804e-07,
      "losses": [
        2.301063060760498,
        2.3010616302490234,
        2.3010613918304443
      ],
      "mean_test_acc": 0.10000000000000002,
      "accs": [
        0.1,
        0.1,
        0.1
      ],
      "evals": 597,
      "ctrl": {
        "rejects": 6,
        "final_h": 0.3
      }
    }
  }
}