{
  "budget": 600,
  "n_train": 1024,
  "seeds": [
    0,
    1,
    2
  ],
  "shard": 4,
  "num_shards": 6,
  "results": {
    "RMSprop lr=0.001": {
      "mean_final_loss": 0.0002652195980772376,
      "std_final_loss": 6.854060986738312e-05,
      "losses": [
        0.00034068405511789024,
        0.00020683181355707347,
        0.0002481429255567491
      ],
      "mean_test_acc": 0.4451333333333333,
      "accs": [
        0.4543,
        0.4276,
        0.4535
      ],
      "evals": 600
    },
    "RK3(2)-Adam lr=0.001 rtol=1.0 hmax=2.0x": {
      "mean_final_loss": 0.0009291465394198895,
      "std_final_loss": 0.00014634570065250198,
      "losses": [
        0.0009447199408896267,
        0.0007756369304843247,
        0.001067082746885717
      ],
      "mean_test_acc": 0.4284666666666667,
      "accs": [
        0.4295,
        0.4197,
        0.4362
      ],
      "evals": 598,
      "ctrl": {
        "final_h": 0.002,
        "mean_h": 0.002,
        "min_h": 0.002,
        "max_h": 0.002,
        "h_max": 0.002,
        "h_min": 0.0001,
        "frac_at_hmax": 1.0,
        "frac_at_hmin": 0.0,
        "steps": 199
      }
    },
    "RMSprop lr=0.003": {
      "mean_final_loss": 0.0002655248196485142,
      "std_final_loss": 0.00018160738685733233,
      "losses": [
        0.00011417665518820286,
        0.00021549471421167254,
        0.00046690308954566717
      ],
      "mean_test_acc": 0.3926,
      "accs": [
        0.3782,
        0.395,
        0.4046
      ],
      "evals": 600
    },
    "RK3(2)-Adam lr=0.003 rtol=1.0 hmax=2.0x": {
      "mean_final_loss": 0.00012690025081004327,
      "std_final_loss": 2.8266857258594745e-05,
      "losses": [
        0.00013778047286905348,
        0.00014811029541306198,
        9.480998414801434e-05
      ],
      "mean_test_acc": 0.4274,
      "accs": [
        0.4165,
        0.4171,
        0.4486
      ],
      "evals": 598,
      "ctrl": {
        "final_h": 0.006,
        "mean_h": 0.006,
        "min_h": 0.006,
        "max_h": 0.006,
        "h_max": 0.006,
        "h_min": 0.00030000000000000003,
        "frac_at_hmax": 1.0,
        "frac_at_hmin": 0.0,
        "steps": 199
      }
    },
    "PureRK3(2) h0=0.1 rtol=0.01": {
      "mean_final_loss": 0.06286900738875072,
      "std_final_loss": 0.012206035498044597,
      "losses": [
        0.07696137577295303,
        0.05561992526054382,
        0.05602572113275528
      ],
      "mean_test_acc": 0.43916666666666665,
      "accs": [
        0.4382,
        0.4312,
        0.4481
      ],
      "evals": 598,
      "ctrl": {
        "rejects": 56,
        "final_h": 0.47078060340143607
      }
    }
  }
}