{
  "budget": 600,
  "n_train": 1024,
  "seeds": [
    0,
    1,
    2
  ],
  "shard": 0,
  "num_shards": 6,
  "results": {
    "GD lr=0.001": {
      "mean_final_loss": 2.240670601526896,
      "std_final_loss": 0.010603034972933922,
      "losses": [
        2.243234872817993,
        2.229020595550537,
        2.249756336212158
      ],
      "mean_test_acc": 0.17179999999999998,
      "accs": [
        0.2059,
        0.203,
        0.1065
      ],
      "evals": 600
    },
    "RK3(2)-Adam lr=0.001 rtol=0.01 hmax=2.0x": {
      "mean_final_loss": 0.0009291465394198895,
      "std_final_loss": 0.00014634570065250198,
      "losses": [
        0.0009447199408896267,
        0.0007756369304843247,
        0.001067082746885717
      ],
      "mean_test_acc": 0.4284666666666667,
      "accs": [
        0.4295,
        0.4197,
        0.4362
      ],
      "evals": 598,
      "ctrl": {
        "final_h": 0.002,
        "mean_h": 0.002,
        "min_h": 0.002,
        "max_h": 0.002,
        "h_max": 0.002,
        "h_min": 0.0001,
        "frac_at_hmax": 1.0,
        "frac_at_hmin": 0.0,
        "steps": 199
      }
    },
    "GD lr=0.003": {
      "mean_final_loss": 2.004214644432068,
      "std_final_loss": 0.03003896936541102,
      "losses": [
        2.016545534133911,
        1.9699724912643433,
        2.026125907897949
      ],
      "mean_test_acc": 0.28473333333333334,
      "accs": [
        0.2741,
        0.2905,
        0.2896
      ],
      "evals": 600
    },
    "RK3(2)-Adam lr=0.003 rtol=0.01 hmax=2.0x": {
      "mean_final_loss": 0.00012690025081004327,
      "std_final_loss": 2.8266857258594745e-05,
      "losses": [
        0.00013778047286905348,
        0.00014811029541306198,
        9.480998414801434e-05
      ],
      "mean_test_acc": 0.4274,
      "accs": [
        0.4165,
        0.4171,
        0.4486
      ],
      "evals": 598,
      "ctrl": {
        "final_h": 0.006,
        "mean_h": 0.006,
        "min_h": 0.006,
        "max_h": 0.006,
        "h_max": 0.006,
        "h_min": 0.00030000000000000003,
        "frac_at_hmax": 1.0,
        "frac_at_hmin": 0.0,
        "steps": 199
      }
    },
    "FixedRK3Adam h0=0.001 rtol=0.01": {
      "mean_final_loss": 2.280158360799154,
      "std_final_loss": 0.03620531825512683,
      "losses": [
        2.3010613918304443,
        2.238352060317993,
        2.3010616302490234
      ],
      "mean_test_acc": 0.1023,
      "accs": [
        0.1,
        0.1069,
        0.1
      ],
      "evals": 596,
      "ctrl": {
        "rejects": 7,
        "final_h": 0.1
      }
    }
  }
}