{
  "budget": 600,
  "n_train": 1024,
  "seeds": [
    0,
    1,
    2
  ],
  "results": {
    "Adam lr=0.001": {
      "mean_final_loss": 0.0006094868488920232,
      "std_final_loss": 3.310278228807027e-05,
      "losses": [
        0.0006377359386533499,
        0.0006176622118800879,
        0.0005730623961426318
      ],
      "mean_test_acc": 0.8857333333333334,
      "accs": [
        0.8847,
        0.8831,
        0.8894
      ],
      "evals": 600,
      "mean_rejects": 0.0,
      "mean_final_h": 0.001
    },
    "PureRK3(2) h0=0.001 rtol=0.01": {
      "mean_final_loss": 0.07063499589761098,
      "std_final_loss": 0.0009806949555878058,
      "losses": [
        0.07018284499645233,
        0.06996194273233414,
        0.07176019996404648
      ],
      "mean_test_acc": 0.8919666666666667,
      "accs": [
        0.8935,
        0.8907,
        0.8917
      ],
      "evals": 598,
      "mean_rejects": 0.0,
      "mean_final_h": 0.10000000000000002
    },
    "FixedRK3Adam h0=0.001 rtol=0.01": {
      "mean_final_loss": 2.5208866342533534e-06,
      "std_final_loss": 6.383100172861907e-07,
      "losses": [
        1.921728880915907e-06,
        2.4487167138431687e-06,
        3.1922143080009846e-06
      ],
      "mean_test_acc": 0.8866999999999999,
      "accs": [
        0.887,
        0.8822,
        0.8909
      ],
      "evals": 596,
      "mean_rejects": 9.333333333333334,
      "mean_final_h": 0.10000000000000002
    },
    "PureRK3(2) h0=0.001 rtol=0.1": {
      "mean_final_loss": 0.07063499589761098,
      "std_final_loss": 0.0009806949555878058,
      "losses": [
        0.07018284499645233,
        0.06996194273233414,
        0.07176019996404648
      ],
      "mean_test_acc": 0.8919666666666667,
      "accs": [
        0.8935,
        0.8907,
        0.8917
      ],
      "evals": 598,
      "mean_rejects": 0.0,
      "mean_final_h": 0.10000000000000002
    },
    "FixedRK3Adam h0=0.001 rtol=0.1": {
      "mean_final_loss": 5.280468788744959e-06,
      "std_final_loss": 4.502708260586034e-06,
      "losses": [
        2.5402252958883764e-06,
        1.0477166142663918e-05,
        2.8240149276825832e-06
      ],
      "mean_test_acc": 0.8903,
      "accs": [
        0.8922,
        0.8862,
        0.8925
      ],
      "evals": 596,
      "mean_rejects": 3.3333333333333335,
      "mean_final_h": 0.10000000000000002
    },
    "Adam lr=0.0015": {
      "mean_final_loss": 0.0003118641034234315,
      "std_final_loss": 2.0944890158906362e-05,
      "losses": [
        0.0003232888411730528,
        0.0003246123669669032,
        0.00028769110213033855
      ],
      "mean_test_acc": 0.8860666666666667,
      "accs": [
        0.8847,
        0.8837,
        0.8898
      ],
      "evals": 600,
      "mean_rejects": 0.0,
      "mean_final_h": 0.0015000000000000002
    },
    "PureRK3(2) h0=0.0015 rtol=0.01": {
      "mean_final_loss": 0.03636066367228826,
      "std_final_loss": 0.00043040786038843335,
      "losses": [
        0.036013297736644745,
        0.03622652590274811,
        0.036842167377471924
      ],
      "mean_test_acc": 0.8917666666666667,
      "accs": [
        0.8932,
        0.8903,
        0.8918
      ],
      "evals": 598,
      "mean_rejects": 0.0,
      "mean_final_h": 0.15
    },
    "FixedRK3Adam h0=0.0015 rtol=0.01": {
      "mean_final_loss": 4.894728177381088e-05,
      "std_final_loss": 8.354287076848269e-05,
      "losses": [
        8.530788591087912e-07,
        5.74620798943215e-07,
        0.00014541414566338062
      ],
      "mean_test_acc": 0.8771333333333334,
      "accs": [
        0.8861,
        0.8837,
        0.8616
      ],
      "evals": 598,
      "mean_rejects": 30.0,
      "mean_final_h": 0.15
    },
    "PureRK3(2) h0=0.0015 rtol=0.1": {
      "mean_final_loss": 0.03636066367228826,
      "std_final_loss": 0.00043040786038843335,
      "losses": [
        0.036013297736644745,
        0.03622652590274811,
        0.036842167377471924
      ],
      "mean_test_acc": 0.8917666666666667,
      "accs": [
        0.8932,
        0.8903,
        0.8918
      ],
      "evals": 598,
      "mean_rejects": 0.0,
      "mean_final_h": 0.15
    },
    "FixedRK3Adam h0=0.0015 rtol=0.1": {
      "mean_final_loss": 2.9069128686387558e-06,
      "std_final_loss": 2.8983062014037325e-06,
      "losses": [
        1.5277430520654889e-06,
        6.237254638108425e-06,
        9.557409157423535e-07
      ],
      "mean_test_acc": 0.8788,
      "accs": [
        0.8808,
        0.8762,
        0.8794
      ],
      "evals": 597,
      "mean_rejects": 3.6666666666666665,
      "mean_final_h": 0.15
    },
    "Adam lr=0.002": {
      "mean_final_loss": 0.00019728681460643807,
      "std_final_loss": 6.0951528898579895e-06,
      "losses": [
        0.00020380550995469093,
        0.0001963254762813449,
        0.00019172945758327842
      ],
      "mean_test_acc": 0.8864666666666666,
      "accs": [
        0.8843,
        0.8858,
        0.8893
      ],
      "evals": 600,
      "mean_rejects": 0.0,
      "mean_final_h": 0.002
    },
    "PureRK3(2) h0=0.002 rtol=0.01": {
      "mean_final_loss": 0.022828687603274982,
      "std_final_loss": 0.00021007827219518126,
      "losses": [
        0.0227954238653183,
        0.022637225687503815,
        0.02305341325700283
      ],
      "mean_test_acc": 0.8932666666666668,
      "accs": [
        0.8934,
        0.8914,
        0.895
      ],
      "evals": 598,
      "mean_rejects": 1.0,
      "mean_final_h": 0.20000000000000004
    },
    "FixedRK3Adam h0=0.002 rtol=0.01": {
      "mean_final_loss": 0.07811821120170255,
      "std_final_loss": 0.07638803040104371,
      "losses": [
        0.0011085604783147573,
        0.15386906266212463,
        0.07937701046466827
      ],
      "mean_test_acc": 0.8701,
      "accs": [
        0.8678,
        0.8632,
        0.8793
      ],
      "evals": 596,
      "mean_rejects": 79.33333333333333,
      "mean_final_h": 0.13334146626398477
    },
    "PureRK3(2) h0=0.002 rtol=0.1": {
      "mean_final_loss": 0.02254133236904939,
      "std_final_loss": 0.00023510437005596558,
      "losses": [
        0.022430984303355217,
        0.022381700575351715,
        0.02281131222844124
      ],
      "mean_test_acc": 0.8938,
      "accs": [
        0.8945,
        0.8921,
        0.8948
      ],
      "evals": 598,
      "mean_rejects": 0.0,
      "mean_final_h": 0.20000000000000004
    },
    "FixedRK3Adam h0=0.002 rtol=0.1": {
      "mean_final_loss": 2.4527942249126986e-06,
      "std_final_loss": 2.684775064987664e-06,
      "losses": [
        5.361947046367277e-07,
        5.52130768483039e-06,
        1.3008802852709778e-06
      ],
      "mean_test_acc": 0.8654333333333333,
      "accs": [
        0.8651,
        0.8571,
        0.8741
      ],
      "evals": 598,
      "mean_rejects": 6.0,
      "mean_final_h": 0.20000000000000004
    },
    "Adam lr=0.0025": {
      "mean_final_loss": 0.00013737803480277458,
      "std_final_loss": 4.610714450340223e-06,
      "losses": [
        0.00013450163532979786,
        0.0001426961098331958,
        0.0001349363592453301
      ],
      "mean_test_acc": 0.8870333333333335,
      "accs": [
        0.8859,
        0.8842,
        0.891
      ],
      "evals": 600,
      "mean_rejects": 0.0,
      "mean_final_h": 0.0025
    },
    "PureRK3(2) h0=0.0025 rtol=0.01": {
      "mean_final_loss": 0.016390458991130192,
      "std_final_loss": 0.00011407834669573417,
      "losses": [
        0.016322363168001175,
        0.016522159799933434,
        0.01632685400545597
      ],
      "mean_test_acc": 0.8953000000000001,
      "accs": [
        0.8959,
        0.8933,
        0.8967
      ],
      "evals": 598,
      "mean_rejects": 3.0,
      "mean_final_h": 0.25
    },
    "FixedRK3Adam h0=0.0025 rtol=0.01": {
      "mean_final_loss": 0.031492211390286684,
      "std_final_loss": 0.032470254564715355,