{
  "budget": 600,
  "n_train": 1024,
  "seeds": [
    0,
    1,
    2,
    3,
    4,
    5,
    6,
    7,
    8,
    9
  ],
  "results": {
    "Adam lr=0.001": {
      "mean_final_loss": 0.0006223778473213315,
      "std_final_loss": 2.786909933748174e-05,
      "losses": [
        0.0006377359386533499,
        0.0006176622118800879,
        0.0005730623961426318,
        0.0006217462359927595,
        0.0006216421024873853,
        0.0006655306788161397,
        0.0006233076564967632,
        0.0006612109718844295,
        0.0005988277262076735,
        0.0006030525546520948
      ],
      "mean_test_acc": 0.88699,
      "accs": [
        0.8847,
        0.8831,
        0.8894,
        0.8889,
        0.8921,
        0.8827,
        0.8878,
        0.8863,
        0.8895,
        0.8854
      ],
      "evals": 600,
      "mean_rejects": 0.0,
      "mean_final_h": 0.001
    },
    "PureRK3(2) h0=0.001 rtol=0.01": {
      "mean_final_loss": 0.07055644020438194,
      "std_final_loss": 0.0008407719260568611,
      "losses": [
        0.07018284499645233,
        0.06996194273233414,
        0.07176019996404648,
        0.07004082202911377,
        0.07042580097913742,
        0.07043500989675522,
        0.07236260175704956,
        0.06969863921403885,
        0.07021106034517288,
        0.07048548012971878
      ],
      "mean_test_acc": 0.8911899999999999,
      "accs": [
        0.8935,
        0.8907,
        0.8917,
        0.894,
        0.8924,
        0.8917,
        0.8895,
        0.8904,
        0.8896,
        0.8884
      ],
      "evals": 598,
      "mean_rejects": 0.0,
      "mean_final_h": 0.1
    },
    "FixedRK3Adam h0=0.001 rtol=0.01": {
      "mean_final_loss": 2.1495757209777366e-06,
      "std_final_loss": 7.890136648401928e-07,
      "losses": [
        1.921728880915907e-06,
        2.4487167138431687e-06,
        3.1922143080009846e-06,
        1.1317692951706704e-06,
        1.874590338957205e-06,
        3.1818374282011064e-06,
        1.0797353979796753e-06,
        2.2597930637857644e-06,
        2.9220361739135114e-06,
        1.483335609009373e-06
      ],
      "mean_test_acc": 0.88283,
      "accs": [
        0.887,
        0.8822,
        0.8909,
        0.8836,
        0.8857,
        0.8922,
        0.8681,
        0.8793,
        0.8794,
        0.8799
      ],
      "evals": 597,
      "mean_rejects": 13.1,
      "mean_final_h": 0.1
    },
    "PureRK3(2) h0=0.001 rtol=0.1": {
      "mean_final_loss": 0.07055644020438194,
      "std_final_loss": 0.0008407719260568611,
      "losses": [
        0.07018284499645233,
        0.06996194273233414,
        0.07176019996404648,
        0.07004082202911377,
        0.07042580097913742,
        0.07043500989675522,
        0.07236260175704956,
        0.06969863921403885,
        0.07021106034517288,
        0.07048548012971878
      ],
      "mean_test_acc": 0.8911899999999999,
      "accs": [
        0.8935,
        0.8907,
        0.8917,
        0.894,
        0.8924,
        0.8917,
        0.8895,
        0.8904,
        0.8896,
        0.8884
      ],
      "evals": 598,
      "mean_rejects": 0.0,
      "mean_final_h": 0.1
    },
    "FixedRK3Adam h0=0.001 rtol=0.1": {
      "mean_final_loss": 6.2770540125711705e-06,
      "std_final_loss": 3.216532984503695e-06,
      "losses": [
        2.5402252958883764e-06,
        1.0477166142663918e-05,
        2.8240149276825832e-06,
        8.396982593694702e-06,
        6.0723650676663965e-06,
        1.0550699698796961e-05,
        3.3011765481205657e-06,
        2.784426897051162e-06,
        7.471451226592762e-06,
        8.352031727554277e-06
      ],
      "mean_test_acc": 0.8863099999999999,
      "accs": [
        0.8922,
        0.8862,
        0.8925,
        0.8814,
        0.8853,
        0.8829,
        0.8882,
        0.8854,
        0.891,
        0.878
      ],
      "evals": 598,
      "mean_rejects": 3.7,
      "mean_final_h": 0.1
    },
    "Adam lr=0.003": {
      "mean_final_loss": 0.00011729433317668736,
      "std_final_loss": 1.159548395722252e-05,
      "losses": [
        0.00010424705396872014,
        0.00010106999980052933,
        0.00010281607683282346,
        0.00013486339594237506,
        0.00012465336476452649,
        0.00012365684960968792,
        0.00012673376477323472,
        0.00011374452878953889,
        0.00012507491919677705,
        0.00011608337808866054
      ],
      "mean_test_acc": 0.8902599999999999,
      "accs": [
        0.8878,
        0.8884,
        0.8914,
        0.8862,
        0.8965,
        0.8906,
        0.8908,
        0.886,
        0.8933,
        0.8916
      ],
      "evals": 600,
      "mean_rejects": 0.0,
      "mean_final_h": 0.003
    },
    "PureRK3(2) h0=0.003 rtol=0.01": {
      "mean_final_loss": 0.012971549853682518,
      "std_final_loss": 0.00030948033652832577,
      "losses": [
        0.01305462047457695,
        0.01283032912760973,
        0.013447989709675312,
        0.012457807548344135,
        0.012914118357002735,
        0.013238741084933281,
        0.013314511626958847,
        0.013013387098908424,
        0.012608823366463184,
        0.012835170142352581
      ],
      "mean_test_acc": 0.8954700000000001,
      "accs": [
        0.8964,
        0.8948,
        0.8969,
        0.8969,
        0.8965,
        0.8969,
        0.8941,
        0.8938,
        0.8948,
        0.8936
      ],
      "evals": 598,
      "mean_rejects": 5.6,
      "mean_final_h": 0.3
    },
    "FixedRK3Adam h0=0.003 rtol=0.01": {
      "mean_final_loss": 0.1269099063385511,
      "std_final_loss": 0.20293975941006628,
      "losses": [
        0.5551071763038635,
        0.00021417837706394494,
        0.21413294970989227,
        0.41969558596611023,
        0.02379371039569378,
        0.010525468736886978,
        0.0062971701845526695,
        0.0009157526073977351,
        0.011287868022918701,
        0.02712920308113098
      ],
      "mean_test_acc": 0.8679,
      "accs": [
        0.8391,
        0.8873,
        0.86,
        0.8524,
        0.869,
        0.8729,
        0.8744,
        0.8711,
        0.8754,
        0.8774
      ],
      "evals": 598,
      "mean_rejects": 96.1,
      "mean_final_h": 0.14861642405224476
    },
    "PureRK3(2) h0=0.003 rtol=0.1": {
      "mean_final_loss": 0.011917210556566716,
      "std_final_loss": 0.0001622837965655981,
      "losses": [
        0.011903027072548866,
        0.011836163699626923,
        0.012005648575723171,
        0.0117129972204566,
        0.01179827842861414,
        0.011848246678709984,
        0.012279977090656757,
        0.011855623684823513,
        0.01186199951916933,
        0.012070143595337868
      ],
      "mean_test_acc": 0.89802,
      "accs": [
        0.8996,
        0.8983,
        0.9004,
        0.8987,
        0.8988,
        0.8993,
        0.8964,
        0.8974,
        0.8962,
        0.8951
      ],
      "evals": 598,
      "mean_rejects": 0.2,
      "mean_final_h": 0.3
    },
    "FixedRK3Adam h0=0.003 rtol=0.1": {
      "mean_final_loss": 0.118325730376732,
      "std_final_loss": 0.16566778964612697,
      "losses": [
        0.26755383610725403,
        0.39311304688453674,
        4.263065420673229e-07,
        0.023194704204797745,
        1.5681075637985487e-07,
        3.516864239827555e-07,
        0.11616100370883942,
        2.5657647029220243e-07,
        1.2328261789207318e-07,
        0.3832333981990814
      ],
      "mean_test_acc": 0.87399,
      "accs": [
        0.8778,
        0.8764,
        0.8696,
        0.8803,
        0.8754,
        0.8719,
        0.8745,
        0.8651,
        0.875,
        0.8739
      ],
      "evals": 597,
      "mean_rejects": 23.6,
      "mean_final_h": 0.2891854124343043
    }
  }
}