{
  "budget": 600,
  "n_train": 1024,
  "seeds": [
    0,
    1,
    2,
    3,
    4,
    5,
    6,
    7,
    8,
    9
  ],
  "results": {
    "GD lr=0.001": {
      "mean_final_loss": 1.3715877175331115,
      "std_final_loss": 0.057255623810825974,
      "losses": [
        1.3228954076766968,
        1.3398042917251587,
        1.4417946338653564,
        1.345103144645691,
        1.4712982177734375,
        1.3948750495910645,
        1.3415266275405884,
        1.319698452949524,
        1.4260199069976807,
        1.312861442565918
      ],
      "mean_test_acc": 0.73315,
      "accs": [
        0.7252,
        0.7597,
        0.7141,
        0.7588,
        0.7322,
        0.703,
        0.7105,
        0.7386,
        0.7365,
        0.7529
      ],
      "evals": 600
    },
    "Adam lr=0.001": {
      "mean_final_loss": 0.0006223778473213315,
      "std_final_loss": 2.786909933748174e-05,
      "losses": [
        0.0006377359386533499,
        0.0006176622118800879,
        0.0005730623961426318,
        0.0006217462359927595,
        0.0006216421024873853,
        0.0006655306788161397,
        0.0006233076564967632,
        0.0006612109718844295,
        0.0005988277262076735,
        0.0006030525546520948
      ],
      "mean_test_acc": 0.88699,
      "accs": [
        0.8847,
        0.8831,
        0.8894,
        0.8889,
        0.8921,
        0.8827,
        0.8878,
        0.8863,
        0.8895,
        0.8854
      ],
      "evals": 600
    },
    "AdamW(wd=1e-2) lr=0.001": {
      "mean_final_loss": 0.0006396227225195616,
      "std_final_loss": 2.779791871025277e-05,
      "losses": [
        0.0006563402130268514,
        0.0006352780619636178,
        0.0005902266129851341,
        0.0006381450220942497,
        0.0006401418941095471,
        0.000685070757754147,
        0.0006425222381949425,
        0.000673413451295346,
        0.0006141461199149489,
        0.0006209428538568318
      ],
      "mean_test_acc": 0.8871,
      "accs": [
        0.8848,
        0.8832,
        0.8894,
        0.8888,
        0.8921,
        0.8826,
        0.888,
        0.8866,
        0.8902,
        0.8853
      ],
      "evals": 600
    },
    "RK3(2)-Adam lr=0.001 rtol=0.01": {
      "mean_final_loss": 0.001583959674462676,
      "std_final_loss": 0.0001114906473058059,
      "losses": [
        0.0015332611510530114,
        0.0015712508466094732,
        0.0013599826488643885,
        0.0017714172136038542,
        0.0015633563743904233,
        0.0016314230160787702,
        0.0016000838950276375,
        0.0017178051639348269,
        0.0015490216901525855,
        0.00154199474491179
      ],
      "mean_test_acc": 0.88616,
      "accs": [
        0.8859,
        0.882,
        0.889,
        0.8848,
        0.891,
        0.8837,
        0.8891,
        0.8855,
        0.8886,
        0.882
      ],
      "evals": 598
    },
    "RK3(2)-Adam lr=0.001 rtol=0.1": {
      "mean_final_loss": 0.001583959674462676,
      "std_final_loss": 0.0001114906473058059,
      "losses": [
        0.0015332611510530114,
        0.0015712508466094732,
        0.0013599826488643885,
        0.0017714172136038542,
        0.0015633563743904233,
        0.0016314230160787702,
        0.0016000838950276375,
        0.0017178051639348269,
        0.0015490216901525855,
        0.00154199474491179
      ],
      "mean_test_acc": 0.88616,
      "accs": [
        0.8859,
        0.882,
        0.889,
        0.8848,
        0.891,
        0.8837,
        0.8891,
        0.8855,
        0.8886,
        0.882
      ],
      "evals": 598
    },
    "GD lr=0.003": {
      "mean_final_loss": 0.624471765756607,
      "std_final_loss": 0.016855810466978146,
      "losses": [
        0.6193274259567261,
        0.6040136814117432,
        0.657294511795044,
        0.619704008102417,
        0.6356263160705566,
        0.6266342997550964,
        0.6220443248748779,
        0.6118858456611633,
        0.6430451273918152,
        0.6051421165466309
      ],
      "mean_test_acc": 0.84468,
      "accs": [
        0.8441,
        0.8508,
        0.8357,
        0.8488,
        0.8499,
        0.8437,
        0.8385,
        0.8439,
        0.8416,
        0.8498
      ],
      "evals": 600
    },
    "Adam lr=0.003": {
      "mean_final_loss": 0.00011729433317668736,
      "std_final_loss": 1.159548395722252e-05,
      "losses": [
        0.00010424705396872014,
        0.00010106999980052933,
        0.00010281607683282346,
        0.00013486339594237506,
        0.00012465336476452649,
        0.00012365684960968792,
        0.00012673376477323472,
        0.00011374452878953889,
        0.00012507491919677705,
        0.00011608337808866054
      ],
      "mean_test_acc": 0.8902599999999999,
      "accs": [
        0.8878,
        0.8884,
        0.8914,
        0.8862,
        0.8965,
        0.8906,
        0.8908,
        0.886,
        0.8933,
        0.8916
      ],
      "evals": 600
    },
    "AdamW(wd=1e-2) lr=0.003": {
      "mean_final_loss": 0.0001309725019382313,
      "std_final_loss": 1.2848956980918795e-05,
      "losses": [
        0.0001167437803815119,
        0.00011232477118028328,
        0.00011542995343916118,
        0.00015031962539069355,
        0.00013920565834268928,
        0.00013826209760736674,
        0.00014119336265139282,
        0.00012684724060818553,
        0.00013967925042379647,
        0.00012971927935723215
      ],
      "mean_test_acc": 0.89049,
      "accs": [
        0.8885,
        0.8889,
        0.8917,
        0.887,
        0.8969,
        0.8905,
        0.8904,
        0.8863,
        0.8931,
        0.8916
      ],
      "evals": 600
    },
    "RK3(2)-Adam lr=0.003 rtol=0.01": {
      "mean_final_loss": 0.0003752029617317021,
      "std_final_loss": 5.22242282519185e-05,
      "losses": [
        0.00033705937676131725,
        0.00045190303353592753,
        0.00026219093706458807,
        0.00033571297535672784,
        0.00041294144466519356,
        0.00038349765236489475,
        0.00038772643893025815,
        0.0003961297916248441,
        0.0004023268702439964,
        0.0003825410967692733
      ],
      "mean_test_acc": 0.89534,
      "accs": [
        0.8923,
        0.8991,
        0.8965,
        0.8925,
        0.8985,
        0.895,
        0.8929,
        0.8928,
        0.8997,
        0.8941
      ],
      "evals": 598
    },
    "RK3(2)-Adam lr=0.003 rtol=0.1": {
      "mean_final_loss": 0.0003752029617317021,
      "std_final_loss": 5.22242282519185e-05,
      "losses": [
        0.00033705937676131725,
        0.00045190303353592753,
        0.00026219093706458807,
        0.00033571297535672784,
        0.00041294144466519356,
        0.00038349765236489475,
        0.00038772643893025815,
        0.0003961297916248441,
        0.0004023268702439964,
        0.0003825410967692733
      ],
      "mean_test_acc": 0.89534,
      "accs": [
        0.8923,
        0.8991,
        0.8965,
        0.8925,
        0.8985,
        0.895,
        0.8929,
        0.8928,
        0.8997,
        0.8941
      ],
      "evals": 598
    }
  }
}