{
  "budget": 600,
  "n_train": 1024,
  "seeds": [
    0,
    1,
    2,
    3,
    4,
    5,
    6,
    7,
    8,
    9
  ],
  "results": {
    "GD lr=0.003": {
      "mean_final_loss": 0.624471765756607,
      "std_final_loss": 0.016855810466978146,
      "losses": [
        0.6193274259567261,
        0.6040136814117432,
        0.657294511795044,
        0.619704008102417,
        0.6356263160705566,
        0.6266342997550964,
        0.6220443248748779,
        0.6118858456611633,
        0.6430451273918152,
        0.6051421165466309
      ],
      "mean_test_acc": 0.84468,
      "accs": [
        0.8441,
        0.8508,
        0.8357,
        0.8488,
        0.8499,
        0.8437,
        0.8385,
        0.8439,
        0.8416,
        0.8498
      ],
      "evals": 600
    },
    "Adam lr=0.003": {
      "mean_final_loss": 0.00011729433317668736,
      "std_final_loss": 1.159548395722252e-05,
      "losses": [
        0.00010424705396872014,
        0.00010106999980052933,
        0.00010281607683282346,
        0.00013486339594237506,
        0.00012465336476452649,
        0.00012365684960968792,
        0.00012673376477323472,
        0.00011374452878953889,
        0.00012507491919677705,
        0.00011608337808866054
      ],
      "mean_test_acc": 0.8902599999999999,
      "accs": [
        0.8878,
        0.8884,
        0.8914,
        0.8862,
        0.8965,
        0.8906,
        0.8908,
        0.886,
        0.8933,
        0.8916
      ],
      "evals": 600
    },
    "AdamW(wd=1e-2) lr=0.003": {
      "mean_final_loss": 0.0001309725019382313,
      "std_final_loss": 1.2848956980918795e-05,
      "losses": [
        0.0001167437803815119,
        0.00011232477118028328,
        0.00011542995343916118,
        0.00015031962539069355,
        0.00013920565834268928,
        0.00013826209760736674,
        0.00014119336265139282,
        0.00012684724060818553,
        0.00013967925042379647,
        0.00012971927935723215
      ],
      "mean_test_acc": 0.89049,
      "accs": [
        0.8885,
        0.8889,
        0.8917,
        0.887,
        0.8969,
        0.8905,
        0.8904,
        0.8863,
        0.8931,
        0.8916
      ],
      "evals": 600
    },
    "RMSprop lr=0.003": {
      "mean_final_loss": 0.0001799468562239781,
      "std_final_loss": 3.0410876719766946e-05,
      "losses": [
        0.00019160562078468502,
        0.00018002279102802277,
        0.0001685961615294218,
        0.00013717953697778285,
        0.00020499069069046527,
        0.00017631646187510341,
        0.0001689349301159382,
        0.00018735535559244454,
        0.0001416808954672888,
        0.00024278611817862839
      ],
      "mean_test_acc": 0.9002000000000001,
      "accs": [
        0.9045,
        0.9009,
        0.8978,
        0.9008,
        0.8976,
        0.9059,
        0.8987,
        0.8989,
        0.9005,
        0.8964
      ],
      "evals": 600
    },
    "Adagrad lr=0.003": {
      "mean_final_loss": 0.012417676579207181,
      "std_final_loss": 0.0007101556109707766,
      "losses": [
        0.012418056838214397,
        0.013378187082707882,
        0.011478418484330177,
        0.012541553005576134,
        0.011851181276142597,
        0.012838561087846756,
        0.013441871851682663,
        0.012765911407768726,
        0.011498263105750084,
        0.011964761652052402
      ],
      "mean_test_acc": 0.89245,
      "accs": [
        0.8887,
        0.8923,
        0.8932,
        0.8938,
        0.8941,
        0.8895,
        0.8915,
        0.8923,
        0.8949,
        0.8942
      ],
      "evals": 600
    },
    "NAdam lr=0.003": {
      "mean_final_loss": 0.00025530431885272263,
      "std_final_loss": 2.7749810656835345e-05,
      "losses": [
        0.0002685419167391956,
        0.0002767804835457355,
        0.00023010782024357468,
        0.00027134944684803486,
        0.00024162145564332604,
        0.0002763550728559494,
        0.00026934529887512326,
        0.00026666265330277383,
        0.00018909892241936177,
        0.00026318011805415154
      ],
      "mean_test_acc": 0.89937,
      "accs": [
        0.8983,
        0.9003,
        0.9013,
        0.8987,
        0.9003,
        0.8956,
        0.9,
        0.8988,
        0.9014,
        0.899
      ],
      "evals": 600
    },
    "RAdam lr=0.003": {
      "mean_final_loss": 0.0009074554778635502,
      "std_final_loss": 5.437528736586368e-05,
      "losses": [
        0.0009481604211032391,
        0.0008266970980912447,
        0.0008863406837917864,
        0.0009474140824750066,
        0.0009387593017891049,
        0.000975835369899869,
        0.0009231559233739972,
        0.0009055092232301831,
        0.0008055306971073151,
        0.0009171519777737558
      ],
      "mean_test_acc": 0.8869199999999999,
      "accs": [
        0.8878,
        0.8868,
        0.8874,
        0.8888,
        0.8898,
        0.8836,
        0.885,
        0.8884,
        0.8896,
        0.882
      ],
      "evals": 600
    },
    "SGD+mom0.9 lr=0.003": {
      "mean_final_loss": 0.08433658331632614,
      "std_final_loss": 0.0010648293481404004,
      "losses": [
        0.08388859033584595,
        0.08355855941772461,
        0.0861012190580368,
        0.08385691791772842,
        0.08412904292345047,
        0.0840427502989769,
        0.08620736002922058,
        0.08280809223651886,
        0.08418146520853043,
        0.0845918357372284
      ],
      "mean_test_acc": 0.89118,
      "accs": [
        0.8926,
        0.891,
        0.8911,
        0.8943,
        0.892,
        0.8927,
        0.8898,
        0.8904,
        0.8893,
        0.8886
      ],
      "evals": 600
    },
    "Nesterov0.9 lr=0.003": {
      "mean_final_loss": 0.08393546119332314,
      "std_final_loss": 0.0010432549053406358,
      "losses": [
        0.08358456939458847,
        0.08317358791828156,
        0.0856625959277153,
        0.0833360105752945,
        0.08363818377256393,
        0.08372142910957336,
        0.08578870445489883,
        0.08247941732406616,
        0.0838179662823677,
        0.08415214717388153
      ],
      "mean_test_acc": 0.8910600000000001,
      "accs": [
        0.8922,
        0.8909,
        0.891,
        0.8945,
        0.892,
        0.8925,
        0.8895,
        0.8902,
        0.8893,
        0.8885
      ],
      "evals": 600
    },
    "RK3(2)-Adam lr=0.003 rtol=0.01 hmax=2.0x h0=1.0x": {
      "mean_final_loss": 0.0003752029617317021,
      "std_final_loss": 5.22242282519185e-05,
      "losses": [
        0.00033705937676131725,
        0.00045190303353592753,
        0.00026219093706458807,
        0.00033571297535672784,
        0.00041294144466519356,
        0.00038349765236489475,
        0.00038772643893025815,
        0.0003961297916248441,
        0.0004023268702439964,
        0.0003825410967692733
      ],
      "mean_test_acc": 0.89534,
      "accs": [
        0.8923,
        0.8991,
        0.8965,
        0.8925,
        0.8985,
        0.895,
        0.8929,
        0.8928,
        0.8997,
        0.8941
      ],
      "evals": 598,
      "controller": {
        "final_h": 0.006,
        "mean_h": 0.006,
        "min_h": 0.006,
        "max_h": 0.006,
        "h_max": 0.006,
        "h_min": 0.00030000000000000003,
        "frac_at_hmax": 1.0,
        "frac_at_hmin": 0.0,
        "steps": 199
      }
    },
    "RK3(2)-Adam lr=0.003 rtol=0.01 hmax=8.0x h0=1.0x": {
      "mean_final_loss": 0.00015566356742056087,
      "std_final_loss": 4.0051910794672226e-05,
      "losses": [
        8.445783169008791e-05,
        0.00011602412268985063,
        0.00012726124259643257,
        0.00015568395610898733,
        0.0001390722463838756,
        0.0001993421756196767,
        0.00020714019774459302,
        0.00019364616309758276,
        0.00015189846453722566,
        0.00018210927373729646
      ],
      "mean_test_acc": 0.8983000000000001,