{
  "budget": 4000,
  "seeds": [
    0,
    1,
    2
  ],
  "batch_size": 128,
  "results": {
    "Adam lr=0.001": {
      "mean_acc": 0.9775999999999999,
      "std_acc": 0.0013747727084867701,
      "accs": [
        0.9779,
        0.9788,
        0.9761
      ],
      "evals": 4000
    },
    "AdamW(wd=1e-2) lr=0.001": {
      "mean_acc": 0.9775,
      "std_acc": 0.0010583005244258455,
      "accs": [
        0.9783,
        0.9779,
        0.9763
      ],
      "evals": 4000
    },
    "RK3(2)-Adam lr=0.001 rtol=0.01": {
      "mean_acc": 0.9725999999999999,
      "std_acc": 0.0016822603841260553,
      "accs": [
        0.9732,
        0.9707,
        0.9739
      ],
      "evals": 4000
    },
    "RK3(2)-Adam lr=0.001 rtol=0.1": {
      "mean_acc": 0.9725999999999999,
      "std_acc": 0.0016822603841260553,
      "accs": [
        0.9732,
        0.9707,
        0.9739
      ],
      "evals": 4000
    },
    "Adam lr=0.003": {
      "mean_acc": 0.9713333333333334,
      "std_acc": 0.0014571661996263011,
      "accs": [
        0.9718,
        0.9725,
        0.9697
      ],
      "evals": 4000
    },
    "AdamW(wd=1e-2) lr=0.003": {
      "mean_acc": 0.9741333333333334,
      "std_acc": 0.003971565602295072,
      "accs": [
        0.975,
        0.9776,
        0.9698
      ],
      "evals": 4000
    },
    "RK3(2)-Adam lr=0.003 rtol=0.01": {
      "mean_acc": 0.9661,
      "std_acc": 0.00276224546338666,
      "accs": [
        0.963,
        0.967,
        0.9683
      ],
      "evals": 4000
    },
    "RK3(2)-Adam lr=0.003 rtol=0.1": {
      "mean_acc": 0.9661,
      "std_acc": 0.00276224546338666,
      "accs": [
        0.963,
        0.967,
        0.9683
      ],
      "evals": 4000
    }
  }
}