{
  "budget": 6000,
  "n_train": 1024,
  "lr": 0.01,
  "seeds": [
    0
  ],
  "temps": [
    0.0
  ],
  "results": {
    "pSGLD T=0": {
      "optimizer": "pSGLD",
      "T": 0.0,
      "lr": 0.01,
      "mean_final_loss": 9.110645464716072e-07,
      "std_final_loss": 0.0,
      "losses": [
        9.110645464716072e-07
      ],
      "mean_test_acc": 0.9058,
      "std_test_acc": 0.0,
      "accs": [
        0.9058
      ],
      "evals": 6000,
      "trajectories": [
        [
          [
            100,
            0.007404765114188194,
            0.9073
          ],
          [
            200,
            0.0016509677516296506,
            0.9077
          ],
          [
            300,
            0.0007320197764784098,
            0.9069
          ],
          [
            400,
            0.00041758379666134715,
            0.9065
          ],
          [
            500,
            0.00027195384609512985,
            0.9066
          ],
          [
            600,
            0.000191487415577285,
            0.9063
          ],
          [
            700,
            0.00014245681813918054,
            0.9059
          ],
          [
            800,
            0.00011014421033905819,
            0.9061
          ],
          [
            900,
            8.769116539042443e-05,
            0.9064
          ],
          [
            1000,
            7.130092126317322e-05,
            0.9062
          ],
          [
            1100,
            5.909945321036503e-05,
            0.9062
          ],
          [
            1200,
            4.973856994183734e-05,
            0.9061
          ],
          [
            1300,
            4.238639667164534e-05,
            0.9061
          ],
          [
            1400,
            3.647465564426966e-05,
            0.9063
          ],
          [
            1500,
            3.1688578019384295e-05,
            0.9062
          ],
          [
            1600,
            2.7753416361520067e-05,
            0.9056
          ],
          [
            1700,
            2.4472614313708618e-05,
            0.906
          ],
          [
            1800,
            2.1707088308176026e-05,
            0.9059
          ],
          [
            1900,
            1.9357330529601313e-05,
            0.9061
          ],
          [
            2000,
            1.734105717332568e-05,
            0.9059
          ],
          [
            2100,
            1.5600187907693908e-05,
            0.9061
          ],
          [
            2200,
            1.4089793694438413e-05,
            0.9062
          ],
          [
            2300,
            1.2766574400302488e-05,
            0.9064
          ],
          [
            2400,
            1.1606556654442102e-05,
            0.9063
          ],
          [
            2500,
            1.0577377906884067e-05,
            0.9065
          ],
          [
            2600,
            9.662740922067314e-06,
            0.9064
          ],
          [
            2700,
            8.849494406604208e-06,
            0.9063
          ],
          [
            2800,
            8.119015546981245e-06,
            0.9063
          ],
          [
            2900,
            7.465946964657633e-06,
            0.9063
          ],
          [
            3000,
            6.877019131934503e-06,
            0.9062
          ],
          [
            3100,
            6.3465290622843895e-06,
            0.9061
          ],
          [
            3200,
            5.8641162468120456e-06,
            0.906
          ],
          [
            3300,
            5.426288680610014e-06,
            0.9061
          ],
          [
            3400,
            5.02990405948367e-06,
            0.906
          ],
          [
            3500,
            4.66774326923769e-06,
            0.9059
          ],
          [
            3600,
            4.336314304964617e-06,
            0.9059
          ],
          [
            3700,
            4.030613581562648e-06,
            0.9061
          ],
          [
            3800,
            3.7535496630880516e-06,
            0.906
          ],
          [
            3900,
            3.4975562357431045e-06,
            0.9061
          ],
          [
            4000,
            3.2626335269014817e-06,
            0.9061
          ],
          [
            4100,
            3.048781536563183e-06,
            0.9061
          ],
          [
            4200,
            2.845639301085612e-06,
            0.9061
          ],
          [
            4300,
            2.659376832525595e-06,
            0.9061
          ],
          [
            4400,
            2.4897615276131546e-06,
            0.906
          ],
          [
            4500,
            2.330041297682328e-06,
            0.9061
          ],
          [
            4600,
            2.181263880629558e-06,
            0.906
          ],
          [
            4700,
            2.0445936570467893e-06,
            0.9061
          ],
          [
            4800,
            1.9166541278536897e-06,
            0.906
          ],
          [
            4900,
            1.7956995179702062e-06,
            0.9059
          ],
          [
            5000,
            1.6847566257638391e-06,
            0.9057
          ],
          [
            5100,
            1.5813805021025473e-06,
            0.9057
          ],
          [
            5200,
            1.484407221141737e-06,
            0.9057
          ],
          [
            5300,
            1.3955828990219743e-06,
            0.9057
          ],
          [
            5400,
            1.312579115619883e-06,
            0.9056
          ],
          [
            5500,
            1.2348141353868414e-06,
            0.9056
          ],
          [
            5600,
            1.1628698075583088e-06,
            0.9058
          ],
          [
            5700,
            1.092788238565845e-06,
            0.9058
          ],
          [
            5800,
            1.0289928695783601e-06,
            0.9061
          ],
          [
            5900,
            9.670601457401062e-07,
            0.9061
          ],
          [
            6000,
            9.110645464716072e-07,
            0.9058
          ]
        ]
      ]
    }
  }
}