{"budget": 600, "seed": 0, "as_designed_hmax2": {"h": [0.006, 0.006, 0.006, 0.006, 0.006, 0.006, 0.006, 0.006, 0.006, 0.006, 0.006, 0.006, 0.006, 0.006, 0.006, 0.006, 0.006, 0.006, 0.006, 0.006, 0.006, 0.006, 0.006, 0.006, 0.006, 0.006, 0.006, 0.006, 0.006, 0.006, 0.006, 0.006, 0.006, 0.006, 0.006, 0.006, 0.006, 0.006, 0.006, 0.006, 0.006, 0.006, 0.006, 0.006, 0.006, 0.006, 0.006, 0.006, 0.006, 0.006, 0.006, 0.006, 0.006, 0.006, 0.006, 0.006, 0.006, 0.006, 0.006, 0.006, 0.006, 0.006, 0.006, 0.006, 0.006, 0.006, 0.006, 0.006, 0.006, 0.006, 0.006, 0.006, 0.006, 0.006, 0.006, 0.006, 0.006, 0.006, 0.006, 0.006, 0.006, 0.006, 0.006, 0.006, 0.006, 0.006, 0.006, 0.006, 0.006, 0.006, 0.006, 0.006, 0.006, 0.006, 0.006, 0.006, 0.006, 0.006, 0.006, 0.006, 0.006, 0.006, 0.006, 0.006, 0.006, 0.006, 0.006, 0.006, 0.006, 0.006, 0.006, 0.006, 0.006, 0.006, 0.006, 0.006, 0.006, 0.006, 0.006, 0.006, 0.006, 0.006, 0.006, 0.006, 0.006, 0.006, 0.006, 0.006, 0.006, 0.006, 0.006, 0.006, 0.006, 0.006, 0.006, 0.006, 0.006, 0.006, 0.006, 0.006, 0.006, 0.006, 0.006, 0.006, 0.006, 0.006, 0.006, 0.006, 0.006, 0.006, 0.006, 0.006, 0.006, 0.006, 0.006, 0.006, 0.006, 0.006, 0.006, 0.006, 0.006, 0.006, 0.006, 0.006, 0.006, 0.006, 0.006, 0.006, 0.006, 0.006, 0.006, 0.006, 0.006, 0.006, 0.006, 0.006, 0.006, 0.006, 0.006, 0.006, 0.006, 0.006, 0.006, 0.006, 0.006, 0.006, 0.006, 0.006, 0.006, 0.006, 0.006, 0.006, 0.006, 0.006, 0.006, 0.006, 0.006, 0.006, 0.006], "err": [0.006872525671560855, 0.016535165939451466, 0.02902530522715392, 0.024175701777920177, 0.01821799679215729, 0.009198799059225236, 0.010247199660774652, 0.007239381503210017, 0.004921391795378874, 0.006376527022128532, 0.00451927846208044, 0.0037138227129448497, 0.0044964655794548425, 0.002918687989773067, 0.0030162697617495226, 0.0035444214160887267, 0.001942618776938842, 0.001985457512026882, 0.0025911261425975826, 0.0019947454695599344, 0.0010264441368672524, 0.00139594454596203, 0.0015584689765988714, 0.0009384550452209703, 0.0006356334982320306, 0.0008008158836846707, 0.000789431924950622, 0.0007454760774502501, 0.0006073070731907214, 0.0004673748643535678, 0.0004893706143808812, 0.00044550725264745573, 0.0003409695365910119, 0.00028349525317377137, 0.00026071964667207545, 0.0001991428748666535, 0.00011645381871690993, 0.00011223904804975517, 0.0001398934748881519, 0.00013581083097797357, 0.00010482962224827608, 6.684535474548445e-05, 4.302059713297462e-05, 4.975441207907353e-05, 5.7671289050513204e-05, 5.675982681100675e-05, 5.208093440462501e-05, 4.856867831808579e-05, 4.363974257728581e-05, 3.578237169600105e-05, 2.7247107606854568e-05, 2.209817109794477e-05, 2.320562257302497e-05, 2.605868765571956e-05, 2.7210194702898378e-05, 2.4825315451770022e-05, 1.996486642803009e-05, 1.4956570631595646e-05, 1.1397941738925775e-05, 1.1081669322959771e-05, 1.2397649067554629e-05, 1.3241118254777021e-05, 1.246610768700795e-05, 1.0523720839770658e-05, 8.186164448212672e-06, 6.462635184486837e-06, 5.886390994549988e-06, 6.488455159284588e-06, 6.524293571646358e-06, 6.505296357936937e-06, 5.9735052403046845e-06, 5.205567608391405e-06, 4.499772057215839e-06, 3.909577984751807e-06, 3.261699185125194e-06, 2.937386000561684e-06, 2.6469038756059866e-06, 2.767638258016945e-06, 3.0341562633184903e-06, 3.3232155635950004e-06, 3.40580912058621e-06, 3.1539289548866997e-06, 2.6811429741460635e-06, 2.0572219877389988e-06, 1.6369504936778748e-06, 1.2079391075317624e-06, 1.0355473530247478e-06, 1.260670813674344e-06, 1.47935871000422e-06, 1.5212013985662366e-06, 1.5396204255611184e-06, 1.3296486219543565e-06, 1.1183756204397867e-06, 1.0096181941572584e-06, 8.279993801251134e-07, 7.107433403184185e-07, 9.642270121924749e-07, 7.724339653224792e-07, 9.255408343229225e-07, 6.848468695199949e-07, 6.983376970912653e-07, 7.277801980033068e-07, 6.449329055103936e-07, 8.430436663997331e-07, 7.495403533094437e-07, 5.405956344972883e-07, 6.951089174624699e-07, 6.230652808376376e-07, 7.391677913784222e-07, 4.6178780111800087e-07, 6.851723058700842e-07, 6.692033078013686e-07, 6.050636632802739e-07, 4.675610295843464e-07, 6.3966096705752e-07, 4.901813775975902e-07, 5.142483344246033e-07, 6.814739681718064e-07, 6.408110803963434e-07, 5.458701236272075e-07, 3.453421839193573e-07, 8.52011454523719e-07, 4.567474420041324e-07, 3.9816736309858843e-07, 3.1422900007106824e-07, 4.282039455835446e-07, 1.8745616079400657e-07, 6.050790401104593e-07, 5.604461266670721e-07, 4.79123819056596e-07, 2.8408855352699594e-07, 6.598456720395552e-07, 5.28428585813165e-07, 5.041852231282513e-07, 5.891906499812152e-07, 5.33774230344166e-07, 5.306696409337566e-07, 5.884224418033676e-07, 5.197218569586474e-07, 5.04156293097428e-07, 7.374942208777768e-07, 4.922819502709015e-07, 3.885928314316901e-07, 3.9831072868945614e-07, 4.79170255900234e-07, 7.29437213517946e-07, 5.355639790976662e-07, 6.00418140717554e-07, 6.275046231002168e-07, 5.54193834469823e-07, 4.0772124750265336e-07, 4.7286996204206444e-07, 3.9173704742116937e-07, 5.9790192358097e-07, 4.872502079668456e-07, 5.001193449338267e-07, 5.156317524103351e-07, 6.32538760774686e-07, 6.446685245381056e-07, 5.665152370362044e-07, 5.462400024699535e-07, 6.36209380475233e-07, 5.767382214860205e-07, 5.606676266577594e-07, 5.305731155958635e-07, 3.920992967345696e-07, 7.779077449491535e-07, 5.950806693552005e-07, 7.37729896205838e-07, 4.6003782780769747e-07, 5.153272524287237e-07, 7.050954080679625e-07, 5.193805063963503e-07, 5.312432657686584e-07, 6.254726249491173e-07, 4.413782350485347e-07, 4.7556284667370174e-07, 5.178160525183375e-07, 7.036110134903152e-07, 5.21429039913267e-07, 6.395046567855722e-07, 5.947472617457448e-07, 5.24684510599506e-07, 6.232765271382287e-07, 5.029284351983188e-07, 5.093725577861827e-07, 5.432668172499649e-07, 5.442750573435766e-07, 5.399715693953671e-07, 7.236370809898512e-07, 5.062167883621246e-07, 5.871479734809635e-07, 5.831687803427736e-07, 4.784354171968916e-07, 5.426027115934082e-07, 5.330525995442606e-07, 4.985766447008885e-07, 5.373901587117958e-07, 4.934094347559293e-07], "h_max": 0.006, "h_min": 0.00030000000000000003, "frac_at_hmax": 1.0, "max_err": 0.02902530522715392}, "as_designed_hmax8": {"h": [0.006, 0.012, 0.02241747678847126, 0.024, 0.024, 0.024, 0.024, 0.024, 0.024, 0.024, 0.024, 0.024, 0.024, 0.024, 0.024, 0.024, 0.024, 0.024, 0.024, 0.024, 0.024, 0.024, 0.024, 0.024, 0.024, 0.024, 0.024, 0.024, 0.024, 0.024, 0.024, 0.024, 0.024, 0.024, 0.024, 0.024, 0.024, 0.024, 0.024, 0.024, 0.024, 0.024, 0.024, 0.024, 0.024, 0.024, 0.024, 0.024, 0.024, 0.024, 0.024, 0.024, 0.024, 0.024, 0.024, 0.024, 0.024, 0.024, 0.024, 0.024, 0.024, 0.024, 0.024, 0.024, 0.024, 0.024, 0.024, 0.024, 0.024, 0.024, 0.024, 0.024, 0.024, 0.024, 0.024, 0.024, 0.024, 0.024, 0.024, 0.024, 0.024, 0.024, 0.024, 0.024, 0.024, 0.024, 0.024, 0.024, 0.024, 0.024, 0.024, 0.024, 0.024, 0.024, 0.024, 0.024, 0.024, 0.024, 0.024, 0.024, 0.024, 0.024, 0.024, 0.024, 0.024, 0.024, 0.024, 0.024, 0.024, 0.024, 0.024, 0.024, 0.024, 0.024, 0.024, 0.024, 0.024, 0.024, 0.024, 0.024, 0.024, 0.024, 0.024, 0.024, 0.024, 0.024, 0.024, 0.024, 0.024, 0.024, 0.024, 0.024, 0.024, 0.024, 0.024, 0.024, 0.024, 0.024, 0.024, 0.024, 0.024, 0.024, 0.024, 0.024, 0.024, 0.024, 0.024, 0.024, 0.024, 0.024, 0.024, 0.024, 0.024, 0.024, 0.024, 0.024, 0.024, 0.024, 0.024, 0.024, 0.024, 0.024, 0.024, 0.024, 0.024, 0.024, 0.024, 0.024, 0.024, 0.024, 0.024, 0.024, 0.024, 0.024, 0.024, 0.024, 0.024, 0.024, 0.024, 0.024, 0.024, 0.024, 0.024, 0.024, 0.024, 0.024, 0.024, 0.024, 0.024, 0.024, 0.024, 0.024, 0.024, 0.024, 0.024, 0.024, 0.024, 0.024, 0.024],